,Date/Time,Temp (?C),Temp Interpolated (?C),Temp 24-HR AVG (?C)
0,2018-07-01 00:00:00,14.1,14.1,
1,2018-07-01 01:00:00,14.3,14.3,
2,2018-07-01 02:00:00,14.3,14.3,
3,2018-07-01 03:00:00,14.2,14.2,
4,2018-07-01 04:00:00,13.9,13.9,
5,2018-07-01 05:00:00,14.0,14.0,
6,2018-07-01 06:00:00,14.4,14.4,
7,2018-07-01 07:00:00,14.6,14.6,
8,2018-07-01 08:00:00,15.6,15.6,
9,2018-07-01 09:00:00,17.1,17.1,
10,2018-07-01 10:00:00,17.4,17.4,
11,2018-07-01 11:00:00,18.6,18.6,
12,2018-07-01 12:00:00,20.3,20.3,16.454166666666662
13,2018-07-01 13:00:00,19.2,19.2,16.47916666666666
14,2018-07-01 14:00:00,18.4,18.4,16.483333333333327
15,2018-07-01 15:00:00,19.2,19.2,16.466666666666658
16,2018-07-01 16:00:00,19.4,19.4,16.44166666666666
17,2018-07-01 17:00:00,18.9,18.9,16.408333333333328
18,2018-07-01 18:00:00,18.2,18.2,16.374999999999996
19,2018-07-01 19:00:00,16.8,16.8,16.366666666666664
20,2018-07-01 20:00:00,16.2,16.2,16.345833333333328
21,2018-07-01 21:00:00,15.2,15.2,16.366666666666664
22,2018-07-01 22:00:00,15.4,15.4,16.349999999999994
23,2018-07-01 23:00:00,15.2,15.2,16.35416666666666
24,2018-07-02 00:00:00,14.7,14.7,16.308333333333326
25,2018-07-02 01:00:00,14.4,14.4,16.208333333333325
26,2018-07-02 02:00:00,13.9,13.9,16.187499999999993
27,2018-07-02 03:00:00,13.6,13.6,16.220833333333328
28,2018-07-02 04:00:00,13.1,13.1,16.19583333333333
29,2018-07-02 05:00:00,13.2,13.2,16.124999999999996
30,2018-07-02 06:00:00,14.2,14.2,16.08333333333333
31,2018-07-02 07:00:00,14.1,14.1,16.054166666666664
32,2018-07-02 08:00:00,16.1,16.1,16.07083333333333
33,2018-07-02 09:00:00,16.7,16.7,16.074999999999996
34,2018-07-02 10:00:00,17.5,17.5,16.10416666666666
35,2018-07-02 11:00:00,17.5,17.5,16.08333333333333
36,2018-07-02 12:00:00,17.9,17.9,16.02916666666666
37,2018-07-02 13:00:00,18.7,18.7,16.00833333333333
38,2018-07-02 14:00:00,19.2,19.2,15.949999999999996
39,2018-07-02 15:00:00,18.6,18.6,15.84583333333333
40,2018-07-02 16:00:00,17.7,17.7,15.741666666666662
41,2018-07-02 17:00:00,17.9,17.9,15.674999999999995
42,2018-07-02 18:00:00,17.5,17.5,15.599999999999994
43,2018-07-02 19:00:00,17.2,17.2,15.574999999999996
44,2018-07-02 20:00:00,16.3,16.3,15.599999999999994
45,2018-07-02 21:00:00,15.9,15.9,15.599999999999994
46,2018-07-02 22:00:00,14.9,14.9,15.633333333333328
47,2018-07-02 23:00:00,13.9,13.9,15.670833333333327
48,2018-07-03 00:00:00,14.2,14.2,15.754166666666661
49,2018-07-03 01:00:00,13.0,13.0,15.745833333333328
50,2018-07-03 02:00:00,11.4,11.4,15.749999999999995
51,2018-07-03 03:00:00,11.1,11.1,15.80833333333333
52,2018-07-03 04:00:00,11.5,11.5,15.874999999999995
53,2018-07-03 05:00:00,11.4,11.4,15.979166666666663
54,2018-07-03 06:00:00,13.6,13.6,16.07083333333333
55,2018-07-03 07:00:00,14.7,14.7,16.1375
56,2018-07-03 08:00:00,16.1,16.1,16.208333333333332
57,2018-07-03 09:00:00,17.5,17.5,16.2
58,2018-07-03 10:00:00,18.4,18.4,16.224999999999998
59,2018-07-03 11:00:00,19.5,19.5,16.216666666666665
60,2018-07-03 12:00:00,17.7,17.7,16.229166666666668
61,2018-07-03 13:00:00,18.8,18.8,16.245833333333334
62,2018-07-03 14:00:00,20.6,20.6,16.2625
63,2018-07-03 15:00:00,20.2,20.2,16.429166666666667
64,2018-07-03 16:00:00,20.2,20.2,16.579166666666666
65,2018-07-03 17:00:00,20.1,20.1,16.708333333333332
66,2018-07-03 18:00:00,19.1,19.1,16.858333333333334
67,2018-07-03 19:00:00,18.9,18.9,17.0
68,2018-07-03 20:00:00,16.1,16.1,17.145833333333332
69,2018-07-03 21:00:00,16.5,16.5,17.270833333333332
70,2018-07-03 22:00:00,14.7,14.7,17.379166666666666
71,2018-07-03 23:00:00,14.2,14.2,17.462500000000002
72,2018-07-04 00:00:00,14.6,14.6,17.479166666666668
73,2018-07-04 01:00:00,13.4,13.4,17.620833333333334
74,2018-07-04 02:00:00,15.4,15.4,17.741666666666667
75,2018-07-04 03:00:00,14.7,14.7,17.845833333333335
76,2018-07-04 04:00:00,14.6,14.6,17.9125
77,2018-07-04 05:00:00,15.0,15.0,17.9875
78,2018-07-04 06:00:00,17.0,17.0,18.070833333333336
79,2018-07-04 07:00:00,18.2,18.2,18.1375
80,2018-07-04 08:00:00,19.1,19.1,18.229166666666668
81,2018-07-04 09:00:00,20.1,20.1,18.366666666666667
82,2018-07-04 10:00:00,20.4,20.4,18.57916666666667
83,2018-07-04 11:00:00,19.9,19.9,18.82916666666667
84,2018-07-04 12:00:00,21.1,21.1,19.07916666666667
85,2018-07-04 13:00:00,21.7,21.7,19.2375
86,2018-07-04 14:00:00,23.1,23.1,19.4125
87,2018-07-04 15:00:00,21.8,21.8,19.57916666666667
88,2018-07-04 16:00:00,22.0,22.0,19.683333333333334
89,2018-07-04 17:00:00,22.1,22.1,19.804166666666667
90,2018-07-04 18:00:00,20.7,20.7,19.9375
91,2018-07-04 19:00:00,21.1,21.1,20.020833333333332
92,2018-07-04 20:00:00,19.4,19.4,20.07916666666667
93,2018-07-04 21:00:00,21.6,21.6,20.120833333333334
94,2018-07-04 22:00:00,20.7,20.7,20.245833333333334
95,2018-07-04 23:00:00,20.2,20.2,20.312500000000004
96,2018-07-05 00:00:00,18.4,18.4,20.412500000000005
97,2018-07-05 01:00:00,17.6,17.6,20.500000000000004
98,2018-07-05 02:00:00,19.4,19.4,20.525000000000002
99,2018-07-05 03:00:00,17.2,17.2,20.508333333333336
100,2018-07-05 04:00:00,17.5,17.5,20.558333333333334
101,2018-07-05 05:00:00,18.2,18.2,20.587500000000002
102,2018-07-05 06:00:00,19.0,19.0,20.6125
103,2018-07-05 07:00:00,19.6,19.6,20.633333333333336
104,2018-07-05 08:00:00,20.1,20.1,20.61666666666667
105,2018-07-05 09:00:00,23.1,23.1,20.670833333333338
106,2018-07-05 10:00:00,22.0,22.0,20.558333333333337
107,2018-07-05 11:00:00,22.3,22.3,20.479166666666668
108,2018-07-05 12:00:00,23.2,23.2,20.416666666666668
109,2018-07-05 13:00:00,22.3,22.3,20.358333333333338
110,2018-07-05 14:00:00,22.7,22.7,20.345833333333335
111,2018-07-05 15:00:00,23.0,23.0,20.258333333333336
112,2018-07-05 16:00:00,22.7,22.7,20.22083333333334
113,2018-07-05 17:00:00,22.7,22.7,20.14583333333334
114,2018-07-05 18:00:00,21.2,21.2,20.079166666666673
115,2018-07-05 19:00:00,20.7,20.7,20.02083333333334
116,2018-07-05 20:00:00,20.7,20.7,20.000000000000007
117,2018-07-05 21:00:00,18.9,18.9,20.00833333333334
118,2018-07-05 22:00:00,18.8,18.8,19.925000000000008
119,2018-07-05 23:00:00,18.7,18.7,19.912500000000005
120,2018-07-06 00:00:00,17.0,17.0,19.962500000000006
121,2018-07-06 01:00:00,17.3,17.3,19.904166666666672
122,2018-07-06 02:00:00,17.3,17.3,19.954166666666673
123,2018-07-06 03:00:00,16.3,16.3,19.991666666666674
124,2018-07-06 04:00:00,15.7,15.7,20.012500000000006
125,2018-07-06 05:00:00,16.6,16.6,19.929166666666674
126,2018-07-06 06:00:00,17.6,17.6,19.750000000000007
127,2018-07-06 07:00:00,19.1,19.1,19.65000000000001
128,2018-07-06 08:00:00,20.3,20.3,19.550000000000008
129,2018-07-06 09:00:00,21.1,21.1,19.435416666666676
130,2018-07-06 10:00:00,21.7,21.7,19.381250000000012
131,2018-07-06 11:00:00,23.5,23.5,19.316666666666677
132,2018-07-06 12:00:00,21.8,21.8,19.241666666666678
133,2018-07-06 13:00:00,23.5,23.5,19.225000000000012
134,2018-07-06 14:00:00,23.6,23.6,19.166666666666675
135,2018-07-06 15:00:00,23.5,23.5,19.12083333333334
136,2018-07-06 16:00:00,20.7,20.7,19.095833333333342
137,2018-07-06 17:00:00,18.4,18.4,19.075000000000006
138,2018-07-06 18:00:00,18.8,18.8,19.00833333333334
139,2018-07-06 19:00:00,18.3,18.3,18.920833333333338
140,2018-07-06 20:00:00,,17.95,18.78333333333334
141,2018-07-06 21:00:00,,17.6,18.620833333333337
142,2018-07-06 22:00:00,,17.25,18.462500000000002
143,2018-07-06 23:00:00,16.9,16.9,18.312500000000004
144,2018-07-07 00:00:00,16.6,16.6,18.137500000000006
145,2018-07-07 01:00:00,15.9,15.9,18.045833333333338
146,2018-07-07 02:00:00,16.2,16.2,17.925000000000008
147,2018-07-07 03:00:00,15.7,15.7,17.829166666666673
148,2018-07-07 04:00:00,15.2,15.2,17.74583333333334
149,2018-07-07 05:00:00,15.0,15.0,17.791666666666675
150,2018-07-07 06:00:00,15.5,15.5,17.891666666666676
151,2018-07-07 07:00:00,15.8,15.8,17.966666666666676
152,2018-07-07 08:00:00,16.4,16.4,18.029166666666676
153,2018-07-07 09:00:00,17.3,17.3,18.085416666666678
154,2018-07-07 10:00:00,18.1,18.1,18.060416666666676
155,2018-07-07 11:00:00,19.3,19.3,18.07500000000001
156,2018-07-07 12:00:00,19.6,19.6,18.04166666666668
157,2018-07-07 13:00:00,20.6,20.6,18.008333333333344
158,2018-07-07 14:00:00,21.3,21.3,17.983333333333345
159,2018-07-07 15:00:00,21.5,21.5,17.950000000000014
160,2018-07-07 16:00:00,21.8,21.8,17.804166666666678
161,2018-07-07 17:00:00,20.8,20.8,17.758333333333347
162,2018-07-07 18:00:00,20.6,20.6,17.708333333333346
163,2018-07-07 19:00:00,19.8,19.8,17.737500000000015
164,2018-07-07 20:00:00,19.3,19.3,17.800000000000015
165,2018-07-07 21:00:00,17.0,17.0,17.937500000000014
166,2018-07-07 22:00:00,17.6,17.6,18.012500000000014
167,2018-07-07 23:00:00,16.1,16.1,18.02916666666668
168,2018-07-08 00:00:00,15.8,15.8,18.033333333333346
169,2018-07-08 01:00:00,15.3,15.3,18.075000000000014
170,2018-07-08 02:00:00,15.4,15.4,18.100000000000012
171,2018-07-08 03:00:00,12.2,12.2,18.141666666666676
172,2018-07-08 04:00:00,14.1,14.1,18.15000000000001
173,2018-07-08 05:00:00,13.8,13.8,18.154166666666676
174,2018-07-08 06:00:00,16.2,16.2,18.137500000000006
175,2018-07-08 07:00:00,17.3,17.3,18.125000000000007
176,2018-07-08 08:00:00,19.7,19.7,18.116666666666674
177,2018-07-08 09:00:00,19.1,19.1,18.066666666666674
178,2018-07-08 10:00:00,18.5,18.5,18.079166666666676
179,2018-07-08 11:00:00,19.4,19.4,18.02500000000001
180,2018-07-08 12:00:00,20.6,20.6,18.037500000000005
181,2018-07-08 13:00:00,21.2,21.2,18.050000000000008
182,2018-07-08 14:00:00,22.3,22.3,18.11666666666667
183,2018-07-08 15:00:00,21.7,21.7,18.100000000000005
184,2018-07-08 16:00:00,21.9,21.9,18.216666666666672
185,2018-07-08 17:00:00,20.4,20.4,18.28333333333334
186,2018-07-08 18:00:00,20.3,20.3,18.39166666666667
187,2018-07-08 19:00:00,19.6,19.6,18.412500000000005
188,2018-07-08 20:00:00,18.1,18.1,18.425000000000004
189,2018-07-08 21:00:00,17.3,17.3,18.375000000000004
190,2018-07-08 22:00:00,16.3,16.3,18.370833333333337
191,2018-07-08 23:00:00,16.4,16.4,18.470833333333335
192,2018-07-09 00:00:00,16.1,16.1,18.51666666666667
193,2018-07-09 01:00:00,16.9,16.9,18.525000000000002
194,2018-07-09 02:00:00,15.0,15.0,18.512500000000003
195,2018-07-09 03:00:00,15.0,15.0,18.433333333333334
196,2018-07-09 04:00:00,15.7,15.7,18.3625
197,2018-07-09 05:00:00,16.4,16.4,18.2375
198,2018-07-09 06:00:00,16.7,16.7,18.187500000000004
199,2018-07-09 07:00:00,17.6,17.6,18.137500000000003
200,2018-07-09 08:00:00,18.5,18.5,18.062500000000004
201,2018-07-09 09:00:00,19.0,19.0,18.000000000000004
202,2018-07-09 10:00:00,20.9,20.9,17.95416666666667
203,2018-07-09 11:00:00,20.5,20.5,17.945833333333336
204,2018-07-09 12:00:00,20.8,20.8,17.90416666666667
205,2018-07-09 13:00:00,20.9,20.9,17.870833333333334
206,2018-07-09 14:00:00,20.4,20.4,17.795833333333338
207,2018-07-09 15:00:00,20.0,20.0,17.800000000000004
208,2018-07-09 16:00:00,18.9,18.9,17.795833333333338
209,2018-07-09 17:00:00,19.2,19.2,17.77083333333334
210,2018-07-09 18:00:00,19.1,19.1,17.712500000000006
211,2018-07-09 19:00:00,17.8,17.8,17.662500000000005
212,2018-07-09 20:00:00,16.6,16.6,17.566666666666674
213,2018-07-09 21:00:00,16.2,16.2,17.44583333333334
214,2018-07-09 22:00:00,16.1,16.1,17.337500000000006
215,2018-07-09 23:00:00,15.4,15.4,17.179166666666674
216,2018-07-10 00:00:00,15.3,15.3,17.07083333333334
217,2018-07-10 01:00:00,15.1,15.1,16.987500000000008
218,2018-07-10 02:00:00,15.1,15.1,16.94583333333334
219,2018-07-10 03:00:00,14.9,14.9,16.916666666666675
220,2018-07-10 04:00:00,15.1,15.1,16.891666666666673
221,2018-07-10 05:00:00,15.0,15.0,16.929166666666674
222,2018-07-10 06:00:00,15.5,15.5,16.950000000000006
223,2018-07-10 07:00:00,15.3,15.3,16.95833333333334
224,2018-07-10 08:00:00,15.6,15.6,17.004166666666674
225,2018-07-10 09:00:00,16.4,16.4,17.062500000000004
226,2018-07-10 10:00:00,17.1,17.1,17.075000000000006
227,2018-07-10 11:00:00,17.9,17.9,17.09583333333334
228,2018-07-10 12:00:00,18.8,18.8,17.100000000000005
229,2018-07-10 13:00:00,19.9,19.9,17.066666666666674
230,2018-07-10 14:00:00,19.7,19.7,16.966666666666672
231,2018-07-10 15:00:00,19.4,19.4,16.945833333333336
232,2018-07-10 16:00:00,19.8,19.8,16.925000000000004
233,2018-07-10 17:00:00,19.7,19.7,16.86666666666667
234,2018-07-10 18:00:00,19.3,19.3,16.820833333333336
235,2018-07-10 19:00:00,18.9,18.9,16.86666666666667
236,2018-07-10 20:00:00,18.0,18.0,16.99166666666667
237,2018-07-10 21:00:00,16.5,16.5,17.14166666666667
238,2018-07-10 22:00:00,16.6,16.6,17.283333333333335
239,2018-07-10 23:00:00,15.5,15.5,17.42916666666667
240,2018-07-11 00:00:00,14.5,14.5,17.545833333333338
241,2018-07-11 01:00:00,12.7,12.7,17.645833333333336
242,2018-07-11 02:00:00,14.6,14.6,17.737500000000004
243,2018-07-11 03:00:00,14.4,14.4,17.84583333333334
244,2018-07-11 04:00:00,13.7,13.7,17.966666666666672
245,2018-07-11 05:00:00,13.9,13.9,18.066666666666674
246,2018-07-11 06:00:00,16.6,16.6,18.154166666666672
247,2018-07-11 07:00:00,18.3,18.3,18.24166666666667
248,2018-07-11 08:00:00,19.2,19.2,18.312500000000007
249,2018-07-11 09:00:00,19.8,19.8,18.33750000000001
250,2018-07-11 10:00:00,20.6,20.6,18.404166666666676
251,2018-07-11 11:00:00,20.7,20.7,18.504166666666674
252,2018-07-11 12:00:00,21.2,21.2,18.55833333333334
253,2018-07-11 13:00:00,22.1,22.1,18.645833333333343
254,2018-07-11 14:00:00,22.3,22.3,18.829166666666676
255,2018-07-11 15:00:00,22.3,22.3,18.83750000000001
256,2018-07-11 16:00:00,22.2,22.2,18.933333333333344
257,2018-07-11 17:00:00,21.8,21.8,19.058333333333344
258,2018-07-11 18:00:00,21.4,21.4,19.19166666666668
259,2018-07-11 19:00:00,20.6,20.6,19.245833333333344
260,2018-07-11 20:00:00,18.6,18.6,19.254166666666677
261,2018-07-11 21:00:00,18.1,18.1,19.258333333333344
262,2018-07-11 22:00:00,19.0,19.0,19.27500000000001
263,2018-07-11 23:00:00,16.8,16.8,19.283333333333342
264,2018-07-12 00:00:00,16.6,16.6,19.31250000000001
265,2018-07-12 01:00:00,17.1,17.1,19.358333333333345
266,2018-07-12 02:00:00,14.8,14.8,19.358333333333345
267,2018-07-12 03:00:00,16.7,16.7,19.420833333333345
268,2018-07-12 04:00:00,16.7,16.7,19.45000000000001
269,2018-07-12 05:00:00,17.1,17.1,19.46666666666668
270,2018-07-12 06:00:00,17.9,17.9,19.475000000000012
271,2018-07-12 07:00:00,18.5,18.5,19.47916666666668
272,2018-07-12 08:00:00,19.3,19.3,19.48750000000001
273,2018-07-12 09:00:00,20.2,20.2,19.520833333333343
274,2018-07-12 10:00:00,20.8,20.8,19.541666666666675
275,2018-07-12 11:00:00,21.4,21.4,19.516666666666676
276,2018-07-12 12:00:00,22.3,22.3,19.58333333333334
277,2018-07-12 13:00:00,22.1,22.1,19.637500000000006
278,2018-07-12 14:00:00,23.8,23.8,19.650000000000002
279,2018-07-12 15:00:00,23.0,23.0,19.74166666666667
280,2018-07-12 16:00:00,22.6,22.6,19.737500000000004
281,2018-07-12 17:00:00,22.0,22.0,19.725000000000005
282,2018-07-12 18:00:00,21.5,21.5,19.695833333333336
283,2018-07-12 19:00:00,20.8,20.8,19.662500000000005
284,2018-07-12 20:00:00,19.4,19.4,19.637500000000003
285,2018-07-12 21:00:00,18.6,18.6,19.6
286,2018-07-12 22:00:00,18.4,18.4,19.541666666666668
287,2018-07-12 23:00:00,18.4,18.4,19.495833333333334
288,2018-07-13 00:00:00,17.9,17.9,19.45416666666667
289,2018-07-13 01:00:00,17.4,17.4,19.40416666666667
290,2018-07-13 02:00:00,17.0,17.0,19.400000000000002
291,2018-07-13 03:00:00,16.6,16.6,19.35
292,2018-07-13 04:00:00,16.4,16.4,19.3
293,2018-07-13 05:00:00,16.4,16.4,19.295833333333334
294,2018-07-13 06:00:00,17.1,17.1,19.3125
295,2018-07-13 07:00:00,17.9,17.9,19.304166666666667
296,2018-07-13 08:00:00,18.4,18.4,19.295833333333334
297,2018-07-13 09:00:00,18.8,18.8,19.2875
298,2018-07-13 10:00:00,19.7,19.7,19.3
299,2018-07-13 11:00:00,20.4,20.4,19.26666666666667
300,2018-07-13 12:00:00,21.1,21.1,19.212500000000002
301,2018-07-13 13:00:00,22.0,22.0,19.170833333333338
302,2018-07-13 14:00:00,22.6,22.6,19.125000000000004
303,2018-07-13 15:00:00,21.8,21.8,19.070833333333336
304,2018-07-13 16:00:00,22.5,22.5,19.020833333333336
305,2018-07-13 17:00:00,22.4,22.4,18.966666666666672
306,2018-07-13 18:00:00,21.3,21.3,18.912500000000005
307,2018-07-13 19:00:00,20.6,20.6,18.862500000000004
308,2018-07-13 20:00:00,19.2,19.2,18.820833333333336
309,2018-07-13 21:00:00,18.9,18.9,18.80833333333334
310,2018-07-13 22:00:00,17.6,17.6,18.80416666666667
311,2018-07-13 23:00:00,17.1,17.1,18.80416666666667
312,2018-07-14 00:00:00,16.9,16.9,18.80833333333334
313,2018-07-14 01:00:00,16.3,16.3,18.800000000000004
314,2018-07-14 02:00:00,15.7,15.7,18.795833333333338
315,2018-07-14 03:00:00,15.4,15.4,18.80416666666667
316,2018-07-14 04:00:00,15.1,15.1,18.858333333333338
317,2018-07-14 05:00:00,15.1,15.1,18.86666666666667
318,2018-07-14 06:00:00,15.9,15.9,18.86666666666667
319,2018-07-14 07:00:00,16.9,16.9,18.86666666666667
320,2018-07-14 08:00:00,18.1,18.1,18.845833333333335
321,2018-07-14 09:00:00,18.7,18.7,18.800000000000004
322,2018-07-14 10:00:00,19.7,19.7,18.816666666666674
323,2018-07-14 11:00:00,20.5,20.5,18.83333333333334
324,2018-07-14 12:00:00,20.9,20.9,18.800000000000004
325,2018-07-14 13:00:00,21.9,21.9,18.800000000000004
326,2018-07-14 14:00:00,22.8,22.8,18.808333333333337
327,2018-07-14 15:00:00,23.1,23.1,18.84583333333334
328,2018-07-14 16:00:00,22.7,22.7,18.87083333333334
329,2018-07-14 17:00:00,22.4,22.4,18.89583333333334
330,2018-07-14 18:00:00,21.3,21.3,18.925000000000004
331,2018-07-14 19:00:00,20.1,20.1,18.99166666666667
332,2018-07-14 20:00:00,18.1,18.1,19.050000000000008
333,2018-07-14 21:00:00,19.3,19.3,19.11666666666667
334,2018-07-14 22:00:00,18.0,18.0,19.18333333333334
335,2018-07-14 23:00:00,16.3,16.3,19.250000000000007
336,2018-07-15 00:00:00,16.9,16.9,19.325000000000006
337,2018-07-15 01:00:00,16.5,16.5,19.395833333333343
338,2018-07-15 02:00:00,16.6,16.6,19.50000000000001
339,2018-07-15 03:00:00,16.0,16.0,19.57500000000001
340,2018-07-15 04:00:00,15.7,15.7,19.65000000000001
341,2018-07-15 05:00:00,15.8,15.8,19.737500000000008
342,2018-07-15 06:00:00,17.5,17.5,19.795833333333345
343,2018-07-15 07:00:00,18.3,18.3,19.858333333333345
344,2018-07-15 08:00:00,19.7,19.7,19.891666666666676
345,2018-07-15 09:00:00,20.3,20.3,19.92083333333334
346,2018-07-15 10:00:00,21.3,21.3,19.879166666666674
347,2018-07-15 11:00:00,22.3,22.3,19.87083333333334
348,2018-07-15 12:00:00,22.6,22.6,19.85833333333334
349,2018-07-15 13:00:00,24.4,24.4,19.866666666666678
350,2018-07-15 14:00:00,24.6,24.6,19.90000000000001
351,2018-07-15 15:00:00,24.9,24.9,19.91250000000001
352,2018-07-15 16:00:00,24.8,24.8,19.929166666666674
353,2018-07-15 17:00:00,23.8,23.8,19.941666666666674
354,2018-07-15 18:00:00,22.8,22.8,19.950000000000006
355,2018-07-15 19:00:00,20.9,20.9,19.94583333333334
356,2018-07-15 20:00:00,18.8,18.8,19.937500000000007
357,2018-07-15 21:00:00,18.3,18.3,19.908333333333342
358,2018-07-15 22:00:00,17.8,17.8,19.875000000000007
359,2018-07-15 23:00:00,16.0,16.0,19.850000000000005
360,2018-07-16 00:00:00,17.1,17.1,19.80833333333334
361,2018-07-16 01:00:00,17.3,17.3,19.80416666666667
362,2018-07-16 02:00:00,16.9,16.9,19.775000000000006
363,2018-07-16 03:00:00,16.4,16.4,19.76666666666667
364,2018-07-16 04:00:00,16.0,16.0,19.76666666666667
365,2018-07-16 05:00:00,16.0,16.0,19.775000000000002
366,2018-07-16 06:00:00,17.4,17.4,19.77916666666667
367,2018-07-16 07:00:00,18.1,18.1,19.804166666666667
368,2018-07-16 08:00:00,19.0,19.0,19.866666666666667
369,2018-07-16 09:00:00,19.5,19.5,19.929166666666667
370,2018-07-16 10:00:00,20.7,20.7,20.016666666666666
371,2018-07-16 11:00:00,21.3,21.3,20.1375
372,2018-07-16 12:00:00,22.5,22.5,20.224999999999998
373,2018-07-16 13:00:00,23.7,23.7,20.329166666666666
374,2018-07-16 14:00:00,24.4,24.4,20.370833333333334
375,2018-07-16 15:00:00,24.9,24.9,20.391666666666666
376,2018-07-16 16:00:00,25.0,25.0,20.408333333333335
377,2018-07-16 17:00:00,23.9,23.9,20.404166666666665
378,2018-07-16 18:00:00,23.4,23.4,20.3875
379,2018-07-16 19:00:00,22.4,22.4,20.40416666666667
380,2018-07-16 20:00:00,20.3,20.3,20.5
381,2018-07-16 21:00:00,20.4,20.4,20.650000000000002
382,2018-07-16 22:00:00,20.7,20.7,20.729166666666668
383,2018-07-16 23:00:00,18.1,18.1,20.8
384,2018-07-17 00:00:00,19.6,19.6,20.841666666666665
385,2018-07-17 01:00:00,18.3,18.3,20.816666666666666
386,2018-07-17 02:00:00,17.4,17.4,20.7875
387,2018-07-17 03:00:00,16.8,16.8,20.795833333333334
388,2018-07-17 04:00:00,15.9,15.9,20.86666666666667
389,2018-07-17 05:00:00,15.6,15.6,20.962500000000002
390,2018-07-17 06:00:00,17.8,17.8,21.14166666666667
391,2018-07-17 07:00:00,20.4,20.4,21.29166666666667
392,2018-07-17 08:00:00,22.6,22.6,21.32083333333334
393,2018-07-17 09:00:00,21.4,21.4,21.30833333333334
394,2018-07-17 10:00:00,22.4,22.4,21.250000000000004
395,2018-07-17 11:00:00,22.3,22.3,21.233333333333338
396,2018-07-17 12:00:00,21.9,21.9,21.254166666666666
397,2018-07-17 13:00:00,23.0,23.0,21.125
398,2018-07-17 14:00:00,24.6,24.6,21.020833333333332
399,2018-07-17 15:00:00,26.6,26.6,20.929166666666664
400,2018-07-17 16:00:00,27.3,27.3,20.849999999999998
401,2018-07-17 17:00:00,28.2,28.2,20.79166666666666
402,2018-07-17 18:00:00,27.0,27.0,20.77083333333333
403,2018-07-17 19:00:00,23.1,23.1,20.68333333333333
404,2018-07-17 20:00:00,20.0,20.0,20.495833333333334
405,2018-07-17 21:00:00,19.0,19.0,20.241666666666664
406,2018-07-17 22:00:00,20.3,20.3,20.133333333333333
407,2018-07-17 23:00:00,18.6,18.6,20.020833333333332
408,2018-07-18 00:00:00,16.5,16.5,19.991666666666667
409,2018-07-18 01:00:00,15.8,15.8,20.0125
410,2018-07-18 02:00:00,15.2,15.2,19.979166666666668
411,2018-07-18 03:00:00,14.9,14.9,19.90833333333333
412,2018-07-18 04:00:00,14.5,14.5,19.7625
413,2018-07-18 05:00:00,15.1,15.1,19.591666666666665
414,2018-07-18 06:00:00,15.7,15.7,19.366666666666664
415,2018-07-18 07:00:00,15.9,15.9,19.15833333333333
416,2018-07-18 08:00:00,16.5,16.5,19.066666666666663
417,2018-07-18 09:00:00,18.8,18.8,19.012499999999996
418,2018-07-18 10:00:00,19.7,19.7,18.98333333333333
419,2018-07-18 11:00:00,21.6,21.6,18.866666666666664
420,2018-07-18 12:00:00,22.4,22.4,18.766666666666662
421,2018-07-18 13:00:00,22.2,22.2,18.704166666666662
422,2018-07-18 14:00:00,22.9,22.9,18.65416666666666
423,2018-07-18 15:00:00,23.1,23.1,18.60416666666666
424,2018-07-18 16:00:00,23.2,23.2,18.562499999999996
425,2018-07-18 17:00:00,22.8,22.8,18.537499999999994
426,2018-07-18 18:00:00,22.0,22.0,18.487499999999994
427,2018-07-18 19:00:00,20.9,20.9,18.437499999999993
428,2018-07-18 20:00:00,18.7,18.7,18.44583333333333
429,2018-07-18 21:00:00,18.3,18.3,18.424999999999994
430,2018-07-18 22:00:00,17.5,17.5,18.329166666666662
431,2018-07-18 23:00:00,16.2,16.2,18.266666666666662
432,2018-07-19 00:00:00,15.0,15.0,18.154166666666658
433,2018-07-19 01:00:00,14.6,14.6,17.995833333333326
434,2018-07-19 02:00:00,14.0,14.0,17.862499999999994
435,2018-07-19 03:00:00,13.9,13.9,17.766666666666662
436,2018-07-19 04:00:00,13.9,13.9,17.691666666666663
437,2018-07-19 05:00:00,13.9,13.9,17.62083333333333
438,2018-07-19 06:00:00,14.5,14.5,17.533333333333328
439,2018-07-19 07:00:00,16.1,16.1,17.437499999999996
440,2018-07-19 08:00:00,16.0,16.0,17.341666666666665
441,2018-07-19 09:00:00,16.5,16.5,17.29583333333333
442,2018-07-19 10:00:00,18.2,18.2,17.241666666666664
443,2018-07-19 11:00:00,18.9,18.9,17.191666666666666
444,2018-07-19 12:00:00,18.6,18.6,17.141666666666666
445,2018-07-19 13:00:00,19.0,19.0,17.141666666666666
446,2018-07-19 14:00:00,20.6,20.6,17.09583333333333
447,2018-07-19 15:00:00,21.3,21.3,17.041666666666664
448,2018-07-19 16:00:00,21.5,21.5,17.020833333333332
449,2018-07-19 17:00:00,20.7,20.7,16.966666666666665
450,2018-07-19 18:00:00,19.7,19.7,16.979166666666668
451,2018-07-19 19:00:00,18.6,18.6,17.020833333333332
452,2018-07-19 20:00:00,17.6,17.6,17.020833333333332
453,2018-07-19 21:00:00,17.0,17.0,17.079166666666666
454,2018-07-19 22:00:00,16.3,16.3,17.175
455,2018-07-19 23:00:00,15.0,15.0,17.175
456,2018-07-20 00:00:00,15.0,15.0,17.14166666666667
457,2018-07-20 01:00:00,13.5,13.5,17.175
458,2018-07-20 02:00:00,12.7,12.7,17.175
459,2018-07-20 03:00:00,13.4,13.4,17.141666666666666
460,2018-07-20 04:00:00,12.6,12.6,17.104166666666664
461,2018-07-20 05:00:00,14.2,14.2,17.066666666666666
462,2018-07-20 06:00:00,15.5,15.5,17.054166666666664
463,2018-07-20 07:00:00,16.1,16.1,17.062499999999996
464,2018-07-20 08:00:00,17.4,17.4,17.087499999999995
465,2018-07-20 09:00:00,18.8,18.8,17.099999999999994
466,2018-07-20 10:00:00,18.2,18.2,17.08333333333333
467,2018-07-20 11:00:00,18.1,18.1,17.108333333333327
468,2018-07-20 12:00:00,19.4,19.4,17.174999999999994
469,2018-07-20 13:00:00,19.0,19.0,17.20833333333333
470,2018-07-20 14:00:00,19.8,19.8,17.245833333333326
471,2018-07-20 15:00:00,20.4,20.4,17.34166666666666
472,2018-07-20 16:00:00,20.6,20.6,17.362499999999994
473,2018-07-20 17:00:00,20.4,20.4,17.408333333333328
474,2018-07-20 18:00:00,19.9,19.9,17.329166666666662
475,2018-07-20 19:00:00,19.2,19.2,17.312499999999996
476,2018-07-20 20:00:00,17.9,17.9,17.358333333333327
477,2018-07-20 21:00:00,16.6,16.6,17.374999999999996
478,2018-07-20 22:00:00,16.9,16.9,17.35416666666666
479,2018-07-20 23:00:00,16.6,16.6,17.387499999999996
480,2018-07-21 00:00:00,15.8,15.8,17.45833333333333
481,2018-07-21 01:00:00,14.4,14.4,17.47916666666666
482,2018-07-21 02:00:00,15.0,15.0,17.512499999999996
483,2018-07-21 03:00:00,13.9,13.9,17.54166666666666
484,2018-07-21 04:00:00,13.7,13.7,17.587499999999995
485,2018-07-21 05:00:00,12.3,12.3,17.566666666666663
486,2018-07-21 06:00:00,15.1,15.1,17.549999999999997
487,2018-07-21 07:00:00,17.2,17.2,17.54583333333333
488,2018-07-21 08:00:00,17.8,17.8,17.558333333333334
489,2018-07-21 09:00:00,18.3,18.3,17.579166666666666
490,2018-07-21 10:00:00,19.0,19.0,17.604166666666664
491,2018-07-21 11:00:00,19.8,19.8,17.562499999999996
492,2018-07-21 12:00:00,19.9,19.9,17.449999999999996
493,2018-07-21 13:00:00,19.8,19.8,17.449999999999996
494,2018-07-21 14:00:00,20.5,20.5,17.408333333333328
495,2018-07-21 15:00:00,21.5,21.5,17.42083333333333
496,2018-07-21 16:00:00,20.1,20.1,17.416666666666664
497,2018-07-21 17:00:00,20.0,20.0,17.4
498,2018-07-21 18:00:00,19.8,19.8,17.495833333333334
499,2018-07-21 19:00:00,19.5,19.5,17.599999999999998
500,2018-07-21 20:00:00,18.4,18.4,17.666666666666668
501,2018-07-21 21:00:00,17.2,17.2,17.73333333333333
502,2018-07-21 22:00:00,15.9,15.9,17.825
503,2018-07-21 23:00:00,13.9,13.9,17.933333333333334
504,2018-07-22 00:00:00,15.8,15.8,18.020833333333332
505,2018-07-22 01:00:00,13.4,13.4,18.116666666666664
506,2018-07-22 02:00:00,15.3,15.3,18.23333333333333
507,2018-07-22 03:00:00,13.8,13.8,18.333333333333332
508,2018-07-22 04:00:00,13.3,13.3,18.40833333333333
509,2018-07-22 05:00:00,14.6,14.6,18.57083333333333
510,2018-07-22 06:00:00,17.6,17.6,18.724999999999998
511,2018-07-22 07:00:00,18.8,18.8,18.845833333333328
512,2018-07-22 08:00:00,19.4,19.4,18.93333333333333
513,2018-07-22 09:00:00,20.5,20.5,18.987499999999997
514,2018-07-22 10:00:00,21.6,21.6,19.054166666666664
515,2018-07-22 11:00:00,21.9,21.9,19.191666666666666
516,2018-07-22 12:00:00,22.2,22.2,19.4375
517,2018-07-22 13:00:00,22.6,22.6,19.516666666666666
518,2018-07-22 14:00:00,22.9,22.9,19.641666666666666
519,2018-07-22 15:00:00,23.3,23.3,19.695833333333333
520,2018-07-22 16:00:00,24.0,24.0,19.808333333333334
521,2018-07-22 17:00:00,23.7,23.7,19.916666666666664
522,2018-07-22 18:00:00,22.7,22.7,19.93333333333333
523,2018-07-22 19:00:00,21.6,21.6,19.97916666666666
524,2018-07-22 20:00:00,19.7,19.7,20.054166666666664
525,2018-07-22 21:00:00,18.8,18.8,20.154166666666665
526,2018-07-22 22:00:00,19.2,19.2,20.249999999999996
527,2018-07-22 23:00:00,19.8,19.8,20.316666666666663
528,2018-07-23 00:00:00,17.7,17.7,20.3875
529,2018-07-23 01:00:00,16.4,16.4,20.4875
530,2018-07-23 02:00:00,16.6,16.6,20.604166666666668
531,2018-07-23 03:00:00,16.5,16.5,20.720833333333335
532,2018-07-23 04:00:00,15.9,15.9,20.820833333333336
533,2018-07-23 05:00:00,15.0,15.0,20.837500000000006
534,2018-07-23 06:00:00,18.7,18.7,20.83750000000001
535,2018-07-23 07:00:00,20.6,20.6,20.816666666666674
536,2018-07-23 08:00:00,21.8,21.8,20.82083333333334
537,2018-07-23 09:00:00,22.8,22.8,20.87083333333334
538,2018-07-23 10:00:00,23.2,23.2,20.983333333333338
539,2018-07-23 11:00:00,23.6,23.6,20.99166666666667
540,2018-07-23 12:00:00,24.6,24.6,21.00416666666667
541,2018-07-23 13:00:00,25.4,25.4,21.03333333333334
542,2018-07-23 14:00:00,25.7,25.7,21.075000000000006
543,2018-07-23 15:00:00,25.7,25.7,21.10000000000001
544,2018-07-23 16:00:00,24.4,24.4,21.08750000000001
545,2018-07-23 17:00:00,23.7,23.7,21.045833333333345
546,2018-07-23 18:00:00,22.2,22.2,21.09166666666668
547,2018-07-23 19:00:00,21.7,21.7,21.033333333333342
548,2018-07-23 20:00:00,20.9,20.9,20.987500000000008
549,2018-07-23 21:00:00,21.5,21.5,20.979166666666675
550,2018-07-23 22:00:00,19.4,19.4,20.941666666666674
551,2018-07-23 23:00:00,20.1,20.1,20.925000000000008
552,2018-07-24 00:00:00,18.4,18.4,20.90000000000001
553,2018-07-24 01:00:00,17.4,17.4,20.845833333333342
554,2018-07-24 02:00:00,17.2,17.2,20.825000000000006
555,2018-07-24 03:00:00,16.2,16.2,20.754166666666674
556,2018-07-24 04:00:00,14.9,14.9,20.737500000000008
557,2018-07-24 05:00:00,16.1,16.1,20.795833333333345
558,2018-07-24 06:00:00,17.3,17.3,20.79166666666668
559,2018-07-24 07:00:00,19.5,19.5,20.81666666666668
560,2018-07-24 08:00:00,21.6,21.6,20.85416666666668
561,2018-07-24 09:00:00,21.9,21.9,20.875000000000014
562,2018-07-24 10:00:00,22.8,22.8,20.866666666666678
563,2018-07-24 11:00:00,23.0,23.0,20.937500000000014
564,2018-07-24 12:00:00,23.3,23.3,20.912500000000012
565,2018-07-24 13:00:00,24.9,24.9,20.908333333333346
566,2018-07-24 14:00:00,24.0,24.0,20.937500000000014
567,2018-07-24 15:00:00,25.3,25.3,20.954166666666683
568,2018-07-24 16:00:00,25.8,25.8,20.96666666666668
569,2018-07-24 17:00:00,23.6,23.6,21.050000000000015
570,2018-07-24 18:00:00,22.8,22.8,21.04583333333335
571,2018-07-24 19:00:00,22.6,22.6,21.09583333333335
572,2018-07-24 20:00:00,21.4,21.4,21.14166666666668
573,2018-07-24 21:00:00,21.3,21.3,21.183333333333348
574,2018-07-24 22:00:00,21.1,21.1,21.200000000000014
575,2018-07-24 23:00:00,19.5,19.5,21.258333333333347
576,2018-07-25 00:00:00,18.3,18.3,21.35833333333335
577,2018-07-25 01:00:00,18.1,18.1,21.44583333333335
578,2018-07-25 02:00:00,17.6,17.6,21.462500000000016
579,2018-07-25 03:00:00,16.5,16.5,21.541666666666682
580,2018-07-25 04:00:00,16.9,16.9,21.53333333333335
581,2018-07-25 05:00:00,16.0,16.0,21.441666666666688
582,2018-07-25 06:00:00,18.5,18.5,21.46250000000002
583,2018-07-25 07:00:00,20.6,20.6,21.495833333333355
584,2018-07-25 08:00:00,22.6,22.6,21.54166666666669
585,2018-07-25 09:00:00,22.3,22.3,21.570833333333358
586,2018-07-25 10:00:00,24.2,24.2,21.629166666666695
587,2018-07-25 11:00:00,25.4,25.4,21.59583333333336
588,2018-07-25 12:00:00,25.4,25.4,21.60833333333336
589,2018-07-25 13:00:00,25.3,25.3,21.666666666666696
590,2018-07-25 14:00:00,25.9,25.9,21.72083333333336
591,2018-07-25 15:00:00,25.1,25.1,21.75416666666669
592,2018-07-25 16:00:00,23.6,23.6,21.82916666666669
593,2018-07-25 17:00:00,24.1,24.1,21.80416666666669
594,2018-07-25 18:00:00,23.6,23.6,21.862500000000022
595,2018-07-25 19:00:00,23.7,23.7,21.845833333333356
596,2018-07-25 20:00:00,22.1,22.1,21.845833333333356
597,2018-07-25 21:00:00,22.7,22.7,21.812500000000018
598,2018-07-25 22:00:00,20.3,20.3,21.83750000000002
599,2018-07-25 23:00:00,19.8,19.8,21.804166666666685
600,2018-07-26 00:00:00,19.7,19.7,21.754166666666688
601,2018-07-26 01:00:00,19.4,19.4,21.716666666666686
602,2018-07-26 02:00:00,18.4,18.4,21.750000000000025
603,2018-07-26 03:00:00,18.3,18.3,21.75416666666669
604,2018-07-26 04:00:00,16.3,16.3,21.737500000000026
605,2018-07-26 05:00:00,17.4,17.4,21.779166666666693
606,2018-07-26 06:00:00,18.1,18.1,21.787500000000023
607,2018-07-26 07:00:00,20.6,20.6,21.758333333333354
608,2018-07-26 08:00:00,21.8,21.8,21.700000000000017
609,2018-07-26 09:00:00,22.9,22.9,21.654166666666683
610,2018-07-26 10:00:00,23.4,23.4,21.625000000000014
611,2018-07-26 11:00:00,24.2,24.2,21.641666666666683
612,2018-07-26 12:00:00,24.5,24.5,21.63750000000002
613,2018-07-26 13:00:00,26.1,26.1,21.61666666666669
614,2018-07-26 14:00:00,26.0,26.0,21.60833333333336
615,2018-07-26 15:00:00,24.7,24.7,21.60416666666669
616,2018-07-26 16:00:00,24.6,24.6,21.616666666666692
617,2018-07-26 17:00:00,24.3,24.3,21.616666666666692
618,2018-07-26 18:00:00,22.9,22.9,21.62500000000003
619,2018-07-26 19:00:00,22.3,22.3,21.64583333333336
620,2018-07-26 20:00:00,21.0,21.0,21.612500000000026
621,2018-07-26 21:00:00,22.0,22.0,21.604166666666696
622,2018-07-26 22:00:00,20.7,20.7,21.600000000000026
623,2018-07-26 23:00:00,19.7,19.7,21.56250000000003
624,2018-07-27 00:00:00,19.2,19.2,21.541666666666696
625,2018-07-27 01:00:00,19.2,19.2,21.52500000000003
626,2018-07-27 02:00:00,18.3,18.3,21.450000000000028
627,2018-07-27 03:00:00,18.6,18.6,21.400000000000023
628,2018-07-27 04:00:00,16.3,16.3,21.395833333333357
629,2018-07-27 05:00:00,17.6,17.6,21.32916666666669
630,2018-07-27 06:00:00,18.6,18.6,21.28750000000002
631,2018-07-27 07:00:00,19.8,19.8,21.300000000000022
632,2018-07-27 08:00:00,21.6,21.6,21.35833333333336
633,2018-07-27 09:00:00,22.8,22.8,21.37916666666669
634,2018-07-27 10:00:00,22.5,22.5,21.308333333333355
635,2018-07-27 11:00:00,23.7,23.7,21.270833333333353
636,2018-07-27 12:00:00,24.1,24.1,21.26250000000002
637,2018-07-27 13:00:00,24.3,24.3,21.23750000000002
638,2018-07-27 14:00:00,24.8,24.8,21.204166666666687
639,2018-07-27 15:00:00,24.6,24.6,21.158333333333353
640,2018-07-27 16:00:00,23.0,23.0,21.10000000000002
641,2018-07-27 17:00:00,23.3,23.3,21.120833333333348
642,2018-07-27 18:00:00,23.2,23.2,21.075000000000014
643,2018-07-27 19:00:00,23.7,23.7,21.02500000000001
644,2018-07-27 20:00:00,21.5,21.5,21.00000000000001
645,2018-07-27 21:00:00,20.3,20.3,20.958333333333343
646,2018-07-27 22:00:00,19.8,19.8,20.970833333333342
647,2018-07-27 23:00:00,19.5,19.5,21.033333333333342
648,2018-07-28 00:00:00,18.6,18.6,21.016666666666673
649,2018-07-28 01:00:00,18.4,18.4,20.995833333333337
650,2018-07-28 02:00:00,17.2,17.2,21.000000000000004
651,2018-07-28 03:00:00,17.2,17.2,21.008333333333333
652,2018-07-28 04:00:00,16.8,16.8,21.0
653,2018-07-28 05:00:00,16.5,16.5,21.05
654,2018-07-28 06:00:00,17.4,17.4,21.054166666666667
655,2018-07-28 07:00:00,19.2,19.2,21.05
656,2018-07-28 08:00:00,20.6,20.6,21.058333333333334
657,2018-07-28 09:00:00,23.1,23.1,21.058333333333337
658,2018-07-28 10:00:00,24.0,24.0,21.025000000000002
659,2018-07-28 11:00:00,23.3,23.3,20.983333333333338
660,2018-07-28 12:00:00,23.6,23.6,20.96666666666667
661,2018-07-28 13:00:00,24.4,24.4,20.954166666666666
662,2018-07-28 14:00:00,25.0,25.0,20.912499999999998
663,2018-07-28 15:00:00,24.4,24.4,20.92083333333333
664,2018-07-28 16:00:00,24.2,24.2,20.9
665,2018-07-28 17:00:00,23.4,23.4,20.895833333333332
666,2018-07-28 18:00:00,23.1,23.1,20.891666666666666
667,2018-07-28 19:00:00,23.9,23.9,20.900000000000002
668,2018-07-28 20:00:00,21.5,21.5,20.920833333333338
669,2018-07-28 21:00:00,19.5,19.5,20.95416666666667
670,2018-07-28 22:00:00,18.8,18.8,20.89166666666667
671,2018-07-28 23:00:00,19.1,19.1,20.820833333333336
672,2018-07-29 00:00:00,18.3,18.3,20.825
673,2018-07-29 01:00:00,17.4,17.4,20.900000000000002
674,2018-07-29 02:00:00,17.4,17.4,20.975000000000005
675,2018-07-29 03:00:00,16.7,16.7,21.037500000000005
676,2018-07-29 04:00:00,16.7,16.7,21.137500000000003
677,2018-07-29 05:00:00,16.4,16.4,21.229166666666668
678,2018-07-29 06:00:00,17.6,17.6,21.312500000000004
679,2018-07-29 07:00:00,19.7,19.7,21.39583333333334
680,2018-07-29 08:00:00,21.4,21.4,21.375000000000004
681,2018-07-29 09:00:00,21.6,21.6,21.400000000000006
682,2018-07-29 10:00:00,22.3,22.3,21.450000000000006
683,2018-07-29 11:00:00,23.4,23.4,21.52500000000001
684,2018-07-29 12:00:00,25.4,25.4,21.62083333333334
685,2018-07-29 13:00:00,26.2,26.2,21.666666666666675
686,2018-07-29 14:00:00,26.5,26.5,21.795833333333345
687,2018-07-29 15:00:00,26.8,26.8,21.86250000000001
688,2018-07-29 16:00:00,26.4,26.4,21.93750000000001
689,2018-07-29 17:00:00,25.4,25.4,21.983333333333338
690,2018-07-29 18:00:00,25.1,25.1,22.05833333333334
691,2018-07-29 19:00:00,23.4,23.4,22.112500000000008
692,2018-07-29 20:00:00,22.1,22.1,22.170833333333338
693,2018-07-29 21:00:00,20.7,20.7,22.262500000000006
694,2018-07-29 22:00:00,20.6,20.6,22.470833333333342
695,2018-07-29 23:00:00,21.4,21.4,22.66250000000001
696,2018-07-30 00:00:00,19.4,19.4,22.71250000000001
697,2018-07-30 01:00:00,20.5,20.5,22.733333333333345
698,2018-07-30 02:00:00,19.0,19.0,22.737500000000008
699,2018-07-30 03:00:00,18.5,18.5,22.779166666666672
700,2018-07-30 04:00:00,17.8,17.8,22.80833333333334
701,2018-07-30 05:00:00,18.2,18.2,22.833333333333343
702,2018-07-30 06:00:00,18.9,18.9,22.908333333333346
703,2018-07-30 07:00:00,21.1,21.1,22.879166666666677
704,2018-07-30 08:00:00,23.6,23.6,22.908333333333346
705,2018-07-30 09:00:00,26.6,26.6,23.020833333333343
706,2018-07-30 10:00:00,26.9,26.9,23.025000000000006
707,2018-07-30 11:00:00,24.6,24.6,23.000000000000004
708,2018-07-30 12:00:00,25.9,25.9,22.887500000000006
709,2018-07-30 13:00:00,26.3,26.3,22.81250000000001
710,2018-07-30 14:00:00,27.5,27.5,22.691666666666677
711,2018-07-30 15:00:00,27.5,27.5,22.670833333333345
712,2018-07-30 16:00:00,27.0,27.0,22.666666666666675
713,2018-07-30 17:00:00,27.2,27.2,22.679166666666678
714,2018-07-30 18:00:00,24.4,24.4,22.645833333333343
715,2018-07-30 19:00:00,24.1,24.1,22.604166666666675
716,2018-07-30 20:00:00,24.8,24.8,22.50000000000001
717,2018-07-30 21:00:00,20.8,20.8,22.30833333333334
718,2018-07-30 22:00:00,20.0,20.0,22.045833333333338
719,2018-07-30 23:00:00,18.7,18.7,21.78750000000001
720,2018-07-31 00:00:00,17.6,17.6,21.69583333333334
721,2018-07-31 01:00:00,17.6,17.6,21.595833333333342
722,2018-07-31 02:00:00,18.5,18.5,21.49583333333334
723,2018-07-31 03:00:00,18.4,18.4,21.354166666666675
724,2018-07-31 04:00:00,18.1,18.1,21.21250000000001
725,2018-07-31 05:00:00,17.4,17.4,21.083333333333343
726,2018-07-31 06:00:00,17.9,17.9,20.945833333333344
727,2018-07-31 07:00:00,18.6,18.6,20.883333333333344
728,2018-07-31 08:00:00,19.0,19.0,20.783333333333346
729,2018-07-31 09:00:00,20.3,20.3,20.57500000000001
730,2018-07-31 10:00:00,20.7,20.7,20.54583333333334
731,2018-07-31 11:00:00,22.4,22.4,20.525000000000006
732,2018-07-31 12:00:00,23.5,23.5,20.537500000000005
733,2018-07-31 13:00:00,23.9,23.9,
734,2018-07-31 14:00:00,24.1,24.1,
735,2018-07-31 15:00:00,24.1,24.1,
736,2018-07-31 16:00:00,23.9,23.9,
737,2018-07-31 17:00:00,23.9,23.9,
738,2018-07-31 18:00:00,22.9,22.9,
739,2018-07-31 19:00:00,21.7,21.7,
740,2018-07-31 20:00:00,19.8,19.8,
741,2018-07-31 21:00:00,20.1,20.1,
742,2018-07-31 22:00:00,19.5,19.5,
743,2018-07-31 23:00:00,19.0,19.0,
